﻿Name,Created time,Date,Date Created,Person,Status
"Project Setup ","February 23, 2024 2:21 PM",,"February 23, 2024 2:21 PM",Dhanuj Kanchan,To Do
Story: Develop a mind-mapping feature,"February 23, 2024 11:58 AM",,"February 23, 2024 11:58 AM",Dhanuj Kanchan,To Do
Story: Develop time tracking and productivity monitoring functionalities,"February 23, 2024 12:03 PM",,"February 23, 2024 12:03 PM",Dhanuj Kanchan,To Do
Story: Implement a built-in calendar,"February 23, 2024 12:00 PM",,"February 23, 2024 12:00 PM",Dhanuj Kanchan,To Do
Story: Improve mobile app functionality,"February 23, 2024 12:05 PM",,"February 23, 2024 12:05 PM",Dhanuj Kanchan,To Do
,"February 23, 2024 12:25 PM",,"February 23, 2024 12:25 PM",Dhanuj Kanchan,To Do